01|Abattoir Ghoul
01|Abbey Griffin
01|Absorb Vis
02|Absorb
02|Abzan Advantage
01|Abzan Kin-Guard
02|Abzan Runemark
04|Academy Drake
07|Academy Journeymage
01|Academy Raider
03|Accursed Spirit
04|Acidic Slime
02|Acolyte's Reward
01|Act of Authority
13|Act of Treason
01|Act on Impulse
03|Adament Will
02|Adanto Vanguard
04|Adaptive Snapjaw
01|Adeliz, the Cinder Wind
01|Admiral Beckett Brass
01|Adriana, Captain of the Guard
06|Adventuring Gear
07|Adventurous Impulse
01|Aerial Engineer
02|Aerial Maneuver
02|Aerial Predation
01|Aerie Mystics
02|Aerie Worshippers
05|Aeromunculus
03|Aeronaut Tinkerer
04|Aesthir Glider
03|Aether Adept
07|Aether Figment
09|Aether Tradewinds
01|Aether Tunnel
01|Aetherflux Reservoir
01|Aetherspouts
02|Affa Guard Hound
01|Affa Protector
03|Agent of Horizons
01|Aggressive Urge
01|Agony Warp
01|Ahn-Crop Crasher
01|Aim High
01|Ainok Guide
03|Air Elemental
05|Air Servant
03|Ajani's Mantra
05|Ajani's Pridemate
03|Ajani's Sunstriker
01|Ajani's Welcome
01|Akoum Battlesinger
01|Akoum Boulderfoot
01|Akrasan Squire
02|Akroan Conscriptor
03|Akroan Hoplite
03|Akroan Phalanx
03|Akroan Skyguard
05|Alchemist's Apprentice
01|Alesha, Who Smiles at Death
01|Algae Gharial
03|Alpha Authority
01|Altac Bloodseeker
01|Altar of Dementia
03|Altar's Reap
03|Amaranthine Wall
04|Amass the Components
01|Ambition's Cost
01|Ambuscade
01|Amphin Cutthroat
04|Amphin Pathmage
01|Amplifire
01|Amrou Scout
01|Amulet of Safekeeping
01|Anaba Ancestor
01|Anaba Spirit Crafter
02|Anathemancer
02|Anax and Cymede
08|Ancient Animus
02|Ancient Brontodon
04|Ancient Grudge
01|Ancient Silverback
01|Angel of Glory's Rise
01|Angel of Retribution
01|Angel of the Dawn
02|Angel's Feather
01|Angel's Herald
03|Angel's Mercy
02|Angel's Tomb
01|Angelic Armaments
01|Angelic Benediction
01|Angelic Chorus
02|Angelic Edict
01|Angelic Exaltation
04|Angelic Gift
01|Angelic Wall
04|Angelsong
03|Angrath's Ambusher
01|Angrath's Fury
01|Annihilate
04|Annul
03|Anointed Deacon
01|Anowon, the Ruin Sage
01|Anthem of Rakdos
01|Anvilwrought Raptor
01|Aphetto Dredging
01|Apocalypse Hydra
01|Appetite for Brains
05|Applied Biomancy
01|Apprentice Necromancer
03|Aquatic Incursion
02|Aqueous Form
01|Aquus Steed
01|Arachnus Web
01|Arashin Cleric
01|Arbiter of the Ideal
04|Arbor Armament
03|Arbor Elf
04|Arc Runner
02|Arcane Denial
06|Arcane Flight
01|Arcane Melee
01|Arcanis the Omnipotent
02|Archaeomancer
01|Archangel Avacyn
01|Archetype of Aggression
03|Archetype of Courage
01|Archetype of Endurance
01|Archetype of Imagination
01|Architects of Will
06|Architects of Will
01|Archon of Valor's Reach
03|Archway Angel
02|Archweaver
04|Ardent Plea
01|Ardent Recruit
03|Arena Athlete
01|Argentum Armor
01|Arguel's Blood Fast
01|Armada Wurm
01|Armament of Nyx
04|Armillary Sphere
02|Armored Ascension
04|Armored Cancrix
06|Armored Transport
04|Armored Wolf-Rider
06|Armory Guard
01|Armory of Iroas
04|Arrester's Admonition
03|Arrester's Zeal
03|Arrow Volley Trap
10|Arsenal Thresher
01|Arterial Flow
01|Artful Dodge
01|Artful Takedown
03|Artificer's Assistant
01|Artisan's Sorrow
03|Arvad the Cursed
01|Aryel, Knight of Windgrace
01|Asceticism
01|Ashiok's Adept
01|Ashnod's Transmogrant
06|Aspect of Hydra
02|Asphodel Wanderer
04|Asphyxiate
02|Assassin's Strike
07|Assassinate
16|Assault Griffin
01|Atzocan Archer
01|Audacious Infiltrator
03|Auger Spree
03|Augury Owl
01|Aura Shards
02|Auramancer
04|Aurora Champion
03|Autumn's Veil
01|Avacyn's Collar
03|Avacyn's Pilgrim
01|Aven Fleetwing
04|Aven Squire
01|Aven Surveyor
01|Aven of Enduring Hope
02|Avenging Arrow
03|Avent Sentry
02|Aviation Pioneer
01|Awakened Amalgam
01|Awakener Druid
05|Axebane Stag
01|Azami, Lady of Scrolls
02|Azorius Arrester
01|Azorius Charm
03|Azorius Cluestone
01|Azorius Herald
01|Azorius Keyrune
05|Azorius Knight-Arbiter
06|Azorius Locket
02|Azorius Skyguard
03|Azra Bladeseeker
01|Azra Oddsmaker
02|Azure Drake
03|Back to Nature
01|Baird, Steward of Argive
01|Bala Ged Scorpion
01|Balduvian Barbarians
03|Baleful Eidolon
01|Baleful Force
01|Ballot Broker
07|Baloth Cage Trap
05|Baloth Gorger
07|Baloth Woodcrasher
01|Bane of Progress
02|Banewasp Affliction
04|Banisher Priest
01|Bankrupt in Blood
01|Banners Raised
01|Bant Battlemage
02|Bant Sojourners
05|Bant Sureblade
01|Bar the Door
04|Barony Vampire
01|Barrenton Medic
01|Barrier of Bones
01|Barter in Blood
03|Bartizan Bats
01|Basalt Monolith
01|Basilica Bell-Haunt
02|Basilica Guards
01|Basilica Screecher
04|Bathe in Dragonfire
01|Batterhorn
01|Battering Krasis
01|Battle Brawler
02|Battle Hurda
01|Battle Hymn
03|Battle Mastery
04|Battle Rampart
01|Battle-Mad Ronin
05|Battle-Rattle Shaman
01|Battlewise Hoplite
01|Battlewise Valor
01|Bazaar Krovod
09|Beast Hunt
01|Beast Whisperer
01|Beast Within
01|Beastmaster Ascension
02|Beckon Apparition
01|Bedevil
06|Befuddle
02|Beguiler of Wills
01|Behemoth Sledge
01|Behold the Beyond
02|Belligerent Silver
01|Bellowing Aegisaur
02|Bellows Lizard
04|Benalish Honor Guard
01|Benalish Veteran
05|Benthic Giant
04|Berserkers of Blood Ridge
03|Bile Blight
01|Biogenic Ooze
02|Biogenic Upgrade
03|Biomancer's Familiar
01|Bioshift
01|Bishop of Rebirth
01|Bishop of the Bloodstained
01|Bishop of the Bloodstained
03|Bishop's Soldier
03|Black Cat
04|Black Knight
02|Black Oak of Odunos
05|Blade Juggler
01|Blade of the Sixth Pride
08|Bladebrand
01|Bladed Bracers
10|Bladetusk Boar
02|Blaring Captain
02|Blaring Recruiter
01|Blast of Genius
01|Blastfire Bolt
02|Blaze Commando
01|Blaze
05|Blazing Torch
04|Blessed Light
05|Blessing of Belzenlok
04|Blight Keeper
06|Blinding Fog
05|Blinding Mage
05|Blink of an Eye
02|Blood Artist
01|Blood Bairn
01|Blood Baron of Vizkopa
01|Blood Host
03|Blood Ogre
01|Blood Rites
12|Blood Seeker
02|Blood Tithe
01|Blood Tribute
01|Blood-Toll Harpy
04|Bloodborn Scoundrels
05|Bloodcrazed Goblin
01|Bloodfire Enforcers
01|Bloodfire Expert
02|Bloodflow Connoisseur
02|Bloodhunter Bat
04|Bloodhusk Ritualist
01|Bloodline Necromancer
01|Bloodlord of Vaasgoth
01|Bloodmark Mentor
03|Bloodmist Infiltrator
01|Bloodpyre Elemental
01|Bloodrage Brawler
01|Bloodrage Vampire
01|Bloodrite Invoker
06|Bloodstone Goblin
01|Bloodsworn Steward
08|Bloodtallow Candle
01|Bloodthorn Taunter
09|Bloodthrone Vampire
07|Blossom Dryad
02|Board the Weatherlight
01|Body Double
04|Bog Raiders
01|Bog Rats
08|Bog Tatters
01|Bojuka Brigand
13|Bold Defense
02|Boldwyr Intimidator
02|Bolrac-Clan Crusher
08|Bolt of Keranos
01|Bomber Corps
01|Bond Beetle
04|Bonded Horncrest
01|Bonds of Faith
03|Bone Saw
02|Bone to Ash
02|Bonebreaker Giant
01|Bonus Round
02|Boon of Erebos
02|Boonweaver Giant
07|Borderland Marauder
01|Borderland Minotaur
06|Borderlands Ranger
02|Boros Charm
01|Boros Cluestone
04|Boros Elite
01|Boros Locket
03|Boros Mastiff
01|Boros Signet
01|Borrowing 100,000 Arrows
02|Bountiful Harvest
03|Bower Passage
04|Brackwater Elemental
01|Brago, King Eternal
01|Brain Weevil
09|Brainbite
02|Brainstorm
02|Bramblecrush
04|Branching Bolt
07|Brave the Elements
01|Brawl-Bash Ogre
02|Brawler's Plate
05|Brazen Buccaneers
04|Brazen Freebooter
01|Breaching Hippocamp
01|Breakneck Rider
03|Breath of Malfegor
02|Bred for the Hunt
02|Briarpack Alpha
01|Bright Reprisal
01|Brightling
01|Brilliant Plan
01|Brimstone Volley
06|Brindle Boar
01|Bring Down
05|Bring to Trial
03|Brink of Disaster
05|Broken Bond
06|Bronze Sable
01|Bronzebeak Moa
02|Brood Keeper
01|Broodbirth Viper
01|Brushstrider
03|Buccaneer's Bravado
01|Built to Last
01|Bull Cerodon
02|Bull Rush
02|Bull-Rush Bruiser
01|Bump in the Night
01|Burglar Rat
05|Burn Bright
01|Burning Anger
03|Burning Sun's Avatar
01|Burning Vengeance
01|Burning-Fist Minotaur
04|Burning-Tree Vandal
02|Burr Grafter
01|Burrenton Bombardier
01|Burrenton Shield-Bearers
14|Burst Lightning
02|Burst of Stength
01|Bushi Tenderfoot
03|Butcher Ghoul
01|Butcher of Malakir
01|Caustic Caterpillar
01|Craterhoof Behemoth
01|Creeping Corrosion
01|Creeping Renaissance
01|Curse of Bounty
01|Elemental Bond
01|Elvish Mystic
01|Elvish Visionary
01|End-Raze Forerunners
01|Eternal Witness
01|Explosive Vegetation
03|Forest
01|Gaea's Blessing
01|Great Oak Guardian
01|Green Sun's Zenith
01|GuProject
01|Harrow
01|Hua Tuo, honored Physician
01|Karametra's Acolyte
01|Kodama's Reach
01|Krosan Grip
01|Lightning Greaves
01|Lignify
01|Llanowar Elves
01|Llanowar Scout
01|Mirri's Guile
01|Nykthos, Shrine to Nyx
01|Plummet
01|Praetor's Counsel
01|Priest of Titania
01|Prowling Serpopard
01|Quirion Ranger
01|Reclamation Sage
01|Regal Force
01|Relic Crush
01|Reliquary Tower
01|Sakura-Tribe Scout
01|Scavenging Ooze
01|Scryb Ranger
01|Seedborn Muse
01|Sensei's Divining Top
01|Silklash Spider
01|Skullclamp
01|Skyshroud Claim
01|Slate of Ancestry
01|Sol Ring
01|Solemn Simulacrum
01|Soul of the Harvest
01|Summoner's Pact
01|Swiftfoot Boots
01|Temp with Discovery
01|Temple of the False God
01|Temur Sabertooth
01|The Antiquities War
01|Thousand-Year Elixir
01|Voyaging Satyr
01|Wayward Swordtooth
01|Wirewood Symbiote
01|Woodfall Primus
01|Woodland Bellower
01|Worldly Tutor
01|Yisan, the Wanderer Bard
01|Bastion Enforcer